Pinyin,Broad,Narrow,NewTonePinyin,NewoBroad,ASCII,Tone
a4,a4,a51,a2,a2,a2,T4
a1,a1,a55,a1,a1,a1,T1
ai1,ai1,ai55,ai1,ai1,ai1,T1
ai2,ai2,ai35,ai5,ai5,ai5,T2
ai3,ai3,ai214,ai3,ai3,ai3,T3
ai4,ai4,ai51,ai2,ai2,ai2,T4
an1,an1,an55,an1,an1,an1,T1
an3,an3,an214,an3,an3,an3,T3
an4,an4,an51,an2,an2,an2,T4
ang1,aN1,aN55,ang1,aN1,aN1,T1
ang2,aN2,aN35,ang5,aN5,aN5,T2
ang4,aN4,aN51,ang2,aN2,aN2,T4
ao1,au1,au55,ao1,au1,au1,T1
ao2,au2,au35,ao5,au5,au5,T2
ao3,au3,au214,ao3,au3,au3,T3
ao4,au4,au51,ao2,au2,au2,T4
ba0,ba0,ba3,ba0,ba0,pa0,T0
ba1,ba1,ba55,ba1,ba1,pa1,T1
ba2,ba2,ba35,ba5,ba5,pa5,T2
ba3,ba3,ba214,ba3,ba3,pa3,T3
ba4,ba4,ba51,ba2,ba2,pa2,T4
bai1,bai1,bai55,bai1,bai1,pai1,T1
bai2,bai2,bai35,bai5,bai5,pai5,T2
bai3,bai3,bai214,bai3,bai3,pai3,T3
bai4,bai4,bai51,bai2,bai2,pai2,T4
ban1,ban1,ban55,ban1,ban1,pan1,T1
ban3,ban3,ban214,ban3,ban3,pan3,T3
ban4,ban4,ban51,ban2,ban2,pan2,T4
bang1,baN1,baN55,bang1,baN1,paN1,T1
bang3,baN3,baN214,bang3,baN3,paN3,T3
bang4,baN4,baN51,bang2,baN2,paN2,T4
bao1,bau1,bau55,bao1,bau1,pau1,T1
bao2,bau2,bau35,bao5,bau5,pau5,T2
bao3,bau3,bau214,bao3,bau3,pau3,T3
bao4,bau4,bau51,bao2,bau2,pau2,T4
bei1,bei1,bei55,bei1,bei1,pei1,T1
bei3,bei3,bei214,bei3,bei3,pei3,T3
bei4,bei4,bei51,bei2,bei2,pei2,T4
ben1,ben1,b^n55,ben1,ben1,p^n1,T1
ben3,ben3,b^n214,ben3,ben3,p^n3,T3
ben4,ben4,b^n51,ben2,ben2,p^n2,T4
beng1,beN1,bON55,beng1,beN1,p^N1,T1
beng2,beN2,bON35,beng5,beN5,p^N5,T2
beng3,beN3,bON214,beng3,beN3,p^N3,T3
beng4,beN4,bON51,beng2,beN2,p^N2,T4
bi1,bi1,bi55,bi1,bi1,pi1,T1
bi2,bi2,bi35,bi5,bi5,pi5,T2
bi3,bi3,bi214,bi3,bi3,pi3,T3
bi4,bi4,bi51,bi2,bi2,pi2,T4
bian1,bian1,biEn55,bian1,bian1,pi[n1,T1
bian3,bian3,biEn214,bian3,bian3,pi[n3,T3
bian4,bian4,biEn51,bian2,bian2,pi[n2,T4
biao1,biau1,biau55,biao1,biau1,piau1,T1
biao3,biau3,biau214,biao3,biau3,piau3,T3
biao4,biau4,biau51,biao2,biau2,piau2,T4
bie1,bie1,biE55,bie1,bie1,pi[1,T1
bie2,bie2,biE35,bie5,bie5,pi[5,T2
bie3,bie3,biE214,bie3,bie3,pi[3,T3
bie4,bie4,biE51,bie2,bie2,pi[2,T4
bin1,bin1,bIn55,bin1,bin1,pin1,T1
bin4,bin4,bIn51,bin2,bin2,pin2,T4
bing1,biN1,bIN55,bing1,biN1,piN1,T1
bing3,biN3,bIN214,bing3,biN3,piN3,T3
bing4,biN4,bIN51,bing2,biN2,piN2,T4
bo1,bo1,bo55,bo1,bo1,po1,T1
bo2,bo2,bo35,bo5,bo5,po5,T2
bo3,bo3,bo214,bo3,bo3,po3,T3
bo4,bo4,bo51,bo2,bo2,po2,T4
bu2,bu2,bu35,bu5,bu5,pu5,T2
bu1,bu1,bu55,bu1,bu1,pu1,T1
bu3,bu3,bu214,bu3,bu3,pu3,T3
bu4,bu4,bu51,bu2,bu2,pu2,T4
ca1,ca1,ca55,ca1,ca1,Ca1,T1
ca3,ca3,ca214,ca3,ca3,Ca3,T3
cai1,cai1,cai55,cai1,cai1,Cai1,T1
cai2,cai2,cai35,cai5,cai5,Cai5,T2
cai3,cai3,cai214,cai3,cai3,Cai3,T3
cai4,cai4,cai51,cai2,cai2,Cai2,T4
can1,can1,can55,can1,can1,Can1,T1
can2,can2,can35,can5,can5,Can5,T2
can3,can3,can214,can3,can3,Can3,T3
can4,can4,can51,can2,can2,Can2,T4
cang1,caN1,caN55,cang1,caN1,CaN1,T1
cang2,caN2,caN35,cang5,caN5,CaN5,T2
cao1,cau1,cau55,cao1,cau1,Cau1,T1
cao2,cau2,cau35,cao5,cau5,Cau5,T2
cao3,cau3,cau214,cao3,cau3,Cau3,T3
cao4,cau4,cau51,cao2,cau2,Cau2,T4
ce4,ce4,c^51,ce2,ce2,C^2,T4
cen1,cen1,c^n55,cen1,cen1,C^n1,T1
cen2,cen2,c^n35,cen5,cen5,C^n5,T2
ceng1,ceN1,c^N55,ceng1,ceN1,C^N1,T1
ceng2,ceN2,c^N35,ceng5,ceN5,C^N5,T2
ceng4,ceN4,c^N51,ceng2,ceN2,C^N2,T4
cha1,Ca1,Ca55,cha1,Ca1,za1,T1
cha2,Ca2,Ca35,cha5,Ca5,za5,T2
cha3,Ca3,Ca214,cha3,Ca3,za3,T3
cha4,Ca4,Ca51,cha2,Ca2,za2,T4
chai1,Cai1,Cai55,chai1,Cai1,zai1,T1
chai2,Cai2,Cai35,chai5,Cai5,zai5,T2
chai4,Cai4,Cai51,chai2,Cai2,zai2,T4
chan1,Can1,Can55,chan1,Can1,zan1,T1
chan2,Can2,Can35,chan5,Can5,zan5,T2
chan3,Can3,Can214,chan3,Can3,zan3,T3
chan4,Can4,Can51,chan2,Can2,zan2,T4
chang1,CaN1,CaN55,chang1,CaN1,zaN1,T1
chang2,CaN2,CaN35,chang5,CaN5,zaN5,T2
chang3,CaN3,CaN214,chang3,CaN3,zaN3,T3
chang4,CaN4,CaN51,chang2,CaN2,zaN2,T4
chao1,Cau1,Cau55,chao1,Cau1,zau1,T1
chao2,Cau2,Cau35,chao5,Cau5,zau5,T2
chao3,Cau3,Cau214,chao3,Cau3,zau3,T3
chao4,Cau4,Cau51,chao2,Cau2,zau2,T4
che1,Ce1,C^55,che1,Ce1,z^1,T1
che3,Ce3,C^214,che3,Ce3,z^3,T3
che4,Ce4,C^51,che2,Ce2,z^2,T4
chen1,Cen1,C^n55,chen1,Cen1,z^n1,T1
chen2,Cen2,C^n35,chen5,Cen5,z^n5,T2
chen3,Cen3,C^n214,chen3,Cen3,z^n3,T3
chen4,Cen4,C^n51,chen2,Cen2,z^n2,T4
cheng1,CeN1,C^N55,cheng1,CeN1,z^N1,T1
cheng2,CeN2,C^N35,cheng5,CeN5,z^N5,T2
cheng3,CeN3,C^N214,cheng3,CeN3,z^N3,T3
cheng4,CeN4,C^N51,cheng2,CeN2,z^N2,T4
chi1,CH1,CH55,chi1,CH1,zi1,T1
chi2,CH2,CH35,chi5,CH5,zi5,T2
chi3,CH3,CH214,chi3,CH3,zi3,T3
chi4,CH4,CH51,chi2,CH2,zi2,T4
chong1,CoN1,CON55,chong1,CoN1,zoN1,T1
chong2,CoN2,CON35,chong5,CoN5,zoN5,T2
chong3,CoN3,CON214,chong3,CoN3,zoN3,T3
chong4,CoN4,CON51,chong2,CoN2,zoN2,T4
chou1,Cou1,Cou55,chou1,Cou1,zou1,T1
chou2,Cou2,Cou35,chou5,Cou5,zou5,T2
chou3,Cou3,Cou214,chou3,Cou3,zou3,T3
chou4,Cou4,Cou51,chou2,Cou2,zou2,T4
chu1,Cu1,Cu55,chu1,Cu1,zu1,T1
chu2,Cu2,Cu35,chu5,Cu5,zu5,T2
chu3,Cu3,Cu214,chu3,Cu3,zu3,T3
chu4,Cu4,Cu51,chu2,Cu2,zu2,T4
chua1,Cua1,Cua55,chua1,Cua1,zua1,T1
chuai2,Cuai2,Cuai35,chuai5,Cuai5,zuai5,T2
chuai3,Cuai3,Cuai214,chuai3,Cuai3,zuai3,T3
chuai4,Cuai4,Cuai51,chuai2,Cuai2,zuai2,T4
chuan1,Cuan1,Cuan55,chuan1,Cuan1,zuan1,T1
chuan2,Cuan2,Cuan35,chuan5,Cuan5,zuan5,T2
chuan3,Cuan3,Cuan214,chuan3,Cuan3,zuan3,T3
chuan4,Cuan4,Cuan51,chuan2,Cuan2,zuan2,T4
chuang1,CuaN1,CuaN55,chuang1,CuaN1,zuaN1,T1
chuang2,CuaN2,CuaN35,chuang5,CuaN5,zuaN5,T2
chuang3,CuaN3,CuaN214,chuang3,CuaN3,zuaN3,T3
chuang4,CuaN4,CuaN51,chuang2,CuaN2,zuaN2,T4
chui1,Cui1,Cuei55,chui1,Cui1,zuei1,T1
chui2,Cui2,Cuei35,chui5,Cui5,zuei5,T2
chui4,Cui4,Cuei51,chui2,Cui2,zuei2,T4
chun1,Cun1,CUn55,chun1,Cun1,zun1,T1
chun2,Cun2,CUn35,chun5,Cun5,zun5,T2
chun3,Cun3,CUn214,chun3,Cun3,zun3,T3
chuo1,Cuo1,CuO55,chuo1,Cuo1,zuo1,T1
chuo4,Cuo4,CuO51,chuo2,Cuo2,zuo2,T4
ci1,cH1,cH55,ci1,cH1,Ci1,T1
ci2,cH2,cH35,ci5,cH5,Ci5,T2
ci3,cH3,cH214,ci3,cH3,Ci3,T3
ci4,cH4,cH51,ci2,cH2,Ci2,T4
cong1,coN1,cON55,cong1,coN1,CoN1,T1
cong2,coN2,cON35,cong5,coN5,CoN5,T2
cou4,cou4,cou51,cou2,cou2,Cou2,T4
cu1,cu1,cu55,cu1,cu1,Cu1,T1
cu2,cu2,cu35,cu5,cu5,Cu5,T2
cu4,cu4,cu51,cu2,cu2,Cu2,T4
cuan1,cuan1,cuan55,cuan1,cuan1,Cuan1,T1
cuan2,cuan2,cuan35,cuan5,cuan5,Cuan5,T2
cuan4,cuan4,cuan51,cuan2,cuan2,Cuan2,T4
cui1,cui1,cuei55,cui1,cui1,Cuei1,T1
cui3,cui3,cuei214,cui3,cui3,Cuei3,T3
cui4,cui4,cuei51,cui2,cui2,Cuei2,T4
cun1,cun1,cUn55,cun1,cun1,Cun1,T1
cun2,cun2,cUn35,cun5,cun5,Cun5,T2
cun3,cun3,cUn214,cun3,cun3,Cun3,T3
cun4,cun4,cUn51,cun2,cun2,Cun2,T4
cuo1,cuo1,cuO55,cuo1,cuo1,Cuo1,T1
cuo2,cuo2,cuO35,cuo5,cuo5,Cuo5,T2
cuo3,cuo3,cuO214,cuo3,cuo3,Cuo3,T3
cuo4,cuo4,cuO51,cuo2,cuo2,Cuo2,T4
da1,da1,da55,da1,da1,ta1,T1
da2,da2,da35,da5,da5,ta5,T2
da3,da3,da214,da3,da3,ta3,T3
da4,da4,da51,da2,da2,ta2,T4
dai1,dai1,dai55,dai1,dai1,tai1,T1
dai3,dai3,dai214,dai3,dai3,tai3,T3
dai4,dai4,dai51,dai2,dai2,tai2,T4
dan1,dan1,dan55,dan1,dan1,tan1,T1
dan3,dan3,dan214,dan3,dan3,tan3,T3
dan4,dan4,dan51,dan2,dan2,tan2,T4
dang1,daN1,daN55,dang1,daN1,taN1,T1
dang3,daN3,daN214,dang3,daN3,taN3,T3
dang4,daN4,daN51,dang2,daN2,taN2,T4
dao1,dau1,dau55,dao1,dau1,tau1,T1
dao3,dau3,dau214,dao3,dau3,tau3,T3
dao4,dau4,dau51,dao2,dau2,tau2,T4
de0,de0,d^3,de0,de0,t^0,T0
de2,de2,d^35,de5,de5,t^5,T2
deng1,deN1,d^N55,deng1,deN1,t^N1,T1
deng3,deN3,d^N214,deng3,deN3,t^N3,T3
deng4,deN4,d^N51,deng2,deN2,t^N2,T4
di1,di1,di55,di1,di1,ti1,T1
di2,di2,di35,di5,di5,ti5,T2
di3,di3,di214,di3,di3,ti3,T3
di4,di4,di51,di2,di2,ti2,T4
dian1,dian1,diEn55,dian1,dian1,ti[n1,T1
dian3,dian3,diEn214,dian3,dian3,ti[n3,T3
dian4,dian4,diEn51,dian2,dian2,ti[n2,T4
diao1,diau1,diau55,diao1,diau1,tiau1,T1
diao3,diau3,diau214,diao3,diau3,tiau3,T3
diao4,diau4,diau51,diao2,diau2,tiau2,T4
die1,die1,diE55,die1,die1,ti[1,T1
die2,die2,diE35,die5,die5,ti[5,T2
ding1,diN1,dIN55,ding1,diN1,tiN1,T1
ding3,diN3,dIN214,ding3,diN3,tiN3,T3
ding4,diN4,dIN51,ding2,diN2,tiN2,T4
diu1,diu1,diou55,diu1,diu1,tiou1,T1
dong1,doN1,dON55,dong1,doN1,toN1,T1
dong3,doN3,dON214,dong3,doN3,toN3,T3
dong4,doN4,dON51,dong2,doN2,toN2,T4
dou1,dou1,dou55,dou1,dou1,tou1,T1
dou3,dou3,dou214,dou3,dou3,tou3,T3
dou4,dou4,dou51,dou2,dou2,tou2,T4
du1,du1,du55,du1,du1,tu1,T1
du2,du2,du35,du5,du5,tu5,T2
du3,du3,du214,du3,du3,tu3,T3
du4,du4,du51,du2,du2,tu2,T4
duan1,duan1,duan55,duan1,duan1,tuan1,T1
duan3,duan3,duan214,duan3,duan3,tuan3,T3
duan4,duan4,duan51,duan2,duan2,tuan2,T4
dui1,dui1,duei55,dui1,dui1,tuei1,T1
dui4,dui4,duei51,dui2,dui2,tuei2,T4
dun1,dun1,dUn55,dun1,dun1,tun1,T1
dun3,dun3,dUn214,dun3,dun3,tun3,T3
dun4,dun4,dUn51,dun2,dun2,tun2,T4
duo1,duo1,duO55,duo1,duo1,tuo1,T1
duo2,duo2,duO35,duo5,duo5,tuo5,T2
duo3,duo3,duO214,duo3,duo3,tuo3,T3
duo4,duo4,duO51,duo2,duo2,tuo2,T4
e1,e1,^55,e1,e1,^1,T1
e2,e2,^35,e5,e5,^5,T2
e3,e3,^214,e3,e3,^3,T3
e4,e4,^51,e2,e2,^2,T4
en1,en1,^n55,en1,en1,^n1,T1
en4,en4,^n51,en2,en2,^n2,T4
eng1,eN1,^N55,eng1,eN1,^N1,T1
er1,er1,^r55,er1,er1,^r1,T1
er2,er2,^r35,er5,er5,^r5,T2
er3,er3,^r214,er3,er3,^r3,T3
er4,er4,^r51,er2,er2,^r2,T4
fa1,fa1,fa55,fa1,fa1,fa1,T1
fa2,fa2,fa35,fa5,fa5,fa5,T2
fa3,fa3,fa214,fa3,fa3,fa3,T3
fa4,fa4,fa51,fa2,fa2,fa2,T4
fan1,fan1,fan55,fan1,fan1,fan1,T1
fan2,fan2,fan35,fan5,fan5,fan5,T2
fan3,fan3,fan214,fan3,fan3,fan3,T3
fan4,fan4,fan51,fan2,fan2,fan2,T4
fang1,faN1,faN55,fang1,faN1,faN1,T1
fang2,faN2,faN35,fang5,faN5,faN5,T2
fang3,faN3,faN214,fang3,faN3,faN3,T3
fang4,faN4,faN51,fang2,faN2,faN2,T4
fei1,fei1,fei55,fei1,fei1,fei1,T1
fei2,fei2,fei35,fei5,fei5,fei5,T2
fei3,fei3,fei214,fei3,fei3,fei3,T3
fei4,fei4,fei51,fei2,fei2,fei2,T4
fen1,fen1,f^n55,fen1,fen1,f^n1,T1
fen2,fen2,f^n35,fen5,fen5,f^n5,T2
fen3,fen3,f^n214,fen3,fen3,f^n3,T3
fen4,fen4,f^n51,fen2,fen2,f^n2,T4
feng1,feN1,fON55,feng1,feN1,f^N1,T1
feng2,feN2,fON35,feng5,feN5,f^N5,T2
feng3,feN3,fON214,feng3,feN3,f^N3,T3
feng4,feN4,fON51,feng2,feN2,f^N2,T4
fo2,fo2,fo35,fo5,fo5,fo5,T2
fou2,fou2,fou35,fou5,fou5,fou5,T2
fou3,fou3,fou214,fou3,fou3,fou3,T3
fu1,fu1,fu55,fu1,fu1,fu1,T1
fu2,fu2,fu35,fu5,fu5,fu5,T2
fu3,fu3,fu214,fu3,fu3,fu3,T3
fu4,fu4,fu51,fu2,fu2,fu2,T4
ga0,ga0,ga3,ga0,ga0,ka0,T0
ga1,ga1,ga55,ga1,ga1,ka1,T1
ga2,ga2,ga35,ga5,ga5,ka5,T2
ga4,ga4,ga51,ga2,ga2,ka2,T4
gai1,gai1,gai55,gai1,gai1,kai1,T1
gai3,gai3,gai214,gai3,gai3,kai3,T3
gai4,gai4,gai51,gai2,gai2,kai2,T4
gan1,gan1,gan55,gan1,gan1,kan1,T1
gan3,gan3,gan214,gan3,gan3,kan3,T3
gan4,gan4,gan51,gan2,gan2,kan2,T4
gang1,gaN1,gaN55,gang1,gaN1,kaN1,T1
gang3,gaN3,gaN214,gang3,gaN3,kaN3,T3
gang4,gaN4,gaN51,gang2,gaN2,kaN2,T4
gao1,gau1,gau55,gao1,gau1,kau1,T1
gao3,gau3,gau214,gao3,gau3,kau3,T3
gao4,gau4,gau51,gao2,gau2,kau2,T4
ge0,ge0,g^3,ge0,ge0,k^0,T0
ge1,ge1,g^55,ge1,ge1,k^1,T1
ge2,ge2,g^35,ge5,ge5,k^5,T2
ge3,ge3,g^214,ge3,ge3,k^3,T3
ge4,ge4,g^51,ge2,ge2,k^2,T4
gei3,gei3,gei214,gei3,gei3,kei3,T3
gen1,gen1,g^n55,gen1,gen1,k^n1,T1
gen2,gen2,g^n35,gen5,gen5,k^n5,T2
gen3,gen3,g^n214,gen3,gen3,k^n3,T3
gen4,gen4,g^n51,gen2,gen2,k^n2,T4
geng1,geN1,g^N55,geng1,geN1,k^N1,T1
geng3,geN3,g^N214,geng3,geN3,k^N3,T3
geng4,geN4,g^N51,geng2,geN2,k^N2,T4
gong1,goN1,gON55,gong1,goN1,koN1,T1
gong3,goN3,gON214,gong3,goN3,koN3,T3
gong4,goN4,gON51,gong2,goN2,koN2,T4
gou1,gou1,gou55,gou1,gou1,kou1,T1
gou3,gou3,gou214,gou3,gou3,kou3,T3
gou4,gou4,gou51,gou2,gou2,kou2,T4
gu1,gu1,gu55,gu1,gu1,ku1,T1
gu2,gu2,gu35,gu5,gu5,ku5,T2
gu3,gu3,gu214,gu3,gu3,ku3,T3
gu4,gu4,gu51,gu2,gu2,ku2,T4
gua1,gua1,gua55,gua1,gua1,kua1,T1
gua3,gua3,gua214,gua3,gua3,kua3,T3
gua4,gua4,gua51,gua2,gua2,kua2,T4
guai1,guai1,guai55,guai1,guai1,kuai1,T1
guai3,guai3,guai214,guai3,guai3,kuai3,T3
guai4,guai4,guai51,guai2,guai2,kuai2,T4
guan1,guan1,guan55,guan1,guan1,kuan1,T1
guan3,guan3,guan214,guan3,guan3,kuan3,T3
guan4,guan4,guan51,guan2,guan2,kuan2,T4
guang1,guaN1,guaN55,guang1,guaN1,kuaN1,T1
guang3,guaN3,guaN214,guang3,guaN3,kuaN3,T3
guang4,guaN4,guaN51,guang2,guaN2,kuaN2,T4
gui1,gui1,guei55,gui1,gui1,kuei1,T1
gui3,gui3,guei214,gui3,gui3,kuei3,T3
gui4,gui4,guei51,gui2,gui2,kuei2,T4
gun3,gun3,gUn214,gun3,gun3,kun3,T3
gun4,gun4,gUn51,gun2,gun2,kun2,T4
guo1,guo1,guO55,guo1,guo1,kuo1,T1
guo2,guo2,guO35,guo5,guo5,kuo5,T2
guo3,guo3,guO214,guo3,guo3,kuo3,T3
guo4,guo4,guO51,guo2,guo2,kuo2,T4
ha1,ha1,ha55,ha1,ha1,ha1,T1
hai1,hai1,hai55,hai1,hai1,hai1,T1
hai2,hai2,hai35,hai5,hai5,hai5,T2
hai3,hai3,hai214,hai3,hai3,hai3,T3
hai4,hai4,hai51,hai2,hai2,hai2,T4
han1,han1,han55,han1,han1,han1,T1
han2,han2,han35,han5,han5,han5,T2
han3,han3,han214,han3,han3,han3,T3
han4,han4,han51,han2,han2,han2,T4
hang1,haN1,haN55,hang1,haN1,haN1,T1
hang2,haN2,haN35,hang5,haN5,haN5,T2
hang4,haN4,haN51,hang2,haN2,haN2,T4
hao1,hau1,hau55,hao1,hau1,hau1,T1
hao2,hau2,hau35,hao5,hau5,hau5,T2
hao3,hau3,hau214,hao3,hau3,hau3,T3
hao4,hau4,hau51,hao2,hau2,hau2,T4
he1,he1,h^55,he1,he1,h^1,T1
he2,he2,h^35,he5,he5,h^5,T2
he4,he4,h^51,he2,he2,h^2,T4
hei1,hei1,hei55,hei1,hei1,hei1,T1
hen2,hen2,h^n35,hen5,hen5,h^n5,T2
hen3,hen3,h^n214,hen3,hen3,h^n3,T3
hen4,hen4,h^n51,hen2,hen2,h^n2,T4
heng1,heN1,h^N55,heng1,heN1,h^N1,T1
heng2,heN2,h^N35,heng5,heN5,h^N5,T2
heng4,heN4,h^N51,heng2,heN2,h^N2,T4
hong1,hoN1,hON55,hong1,hoN1,hoN1,T1
hong2,hoN2,hON35,hong5,hoN5,hoN5,T2
hong3,hoN3,hON214,hong3,hoN3,hoN3,T3
hong4,hoN4,hON51,hong2,hoN2,hoN2,T4
hou1,hou1,hou55,hou1,hou1,hou1,T1
hou2,hou2,hou35,hou5,hou5,hou5,T2
hou3,hou3,hou214,hou3,hou3,hou3,T3
hou4,hou4,hou51,hou2,hou2,hou2,T4
hu1,hu1,hu55,hu1,hu1,hu1,T1
ha2,ha2,ha35,ha5,ha5,ha5,T2
hu2,hu2,hu35,hu5,hu5,hu5,T2
ha3,ha3,ha214,ha3,ha3,ha3,T3
hu3,hu3,hu214,hu3,hu3,hu3,T3
hu4,hu4,hu51,hu2,hu2,hu2,T4
hua1,hua1,hua55,hua1,hua1,hua1,T1
hua2,hua2,hua35,hua5,hua5,hua5,T2
hua4,hua4,hua51,hua2,hua2,hua2,T4
huai2,huai2,huai35,huai5,huai5,huai5,T2
huai4,huai4,huai51,huai2,huai2,huai2,T4
huan1,huan1,huan55,huan1,huan1,huan1,T1
huan2,huan2,huan35,huan5,huan5,huan5,T2
huan3,huan3,huan214,huan3,huan3,huan3,T3
huan4,huan4,huan51,huan2,huan2,huan2,T4
huang1,huaN1,huaN55,huang1,huaN1,huaN1,T1
huang2,huaN2,huaN35,huang5,huaN5,huaN5,T2
huang3,huaN3,huaN214,huang3,huaN3,huaN3,T3
huang4,huaN4,huaN51,huang2,huaN2,huaN2,T4
hui1,hui1,huei55,hui1,hui1,huei1,T1
hui2,hui2,huei35,hui5,hui5,huei5,T2
hui3,hui3,huei214,hui3,hui3,huei3,T3
hui4,hui4,huei51,hui2,hui2,huei2,T4
hun1,hun1,hUn55,hun1,hun1,hun1,T1
hun2,hun2,hUn35,hun5,hun5,hun5,T2
hun3,hun3,hUn214,hun3,hun3,hun3,T3
hun4,hun4,hUn51,hun2,hun2,hun2,T4
huo0,huo0,huO3,huo0,huo0,huo0,T0
huo1,huo1,huO55,huo1,huo1,huo1,T1
huo2,huo2,huO35,huo5,huo5,huo5,T2
huo3,huo3,huO214,huo3,huo3,huo3,T3
huo4,huo4,huO51,huo2,huo2,huo2,T4
ji1,ji1,ji55,ji1,ji1,ji1,T1
ji2,ji2,ji35,ji5,ji5,ji5,T2
ji3,ji3,ji214,ji3,ji3,ji3,T3
ji4,ji4,ji51,ji2,ji2,ji2,T4
jia1,jia1,jia55,jia1,jia1,jia1,T1
jia2,jia2,jia35,jia5,jia5,jia5,T2
jia3,jia3,jia214,jia3,jia3,jia3,T3
jia4,jia4,jia51,jia2,jia2,jia2,T4
jian1,jian1,jiEn55,jian1,jian1,ji[n1,T1
jian3,jian3,jiEn214,jian3,jian3,ji[n3,T3
jian4,jian4,jiEn51,jian2,jian2,ji[n2,T4
jiang1,jiaN1,jiaN55,jiang1,jiaN1,jiaN1,T1
jiang3,jiaN3,jiaN214,jiang3,jiaN3,jiaN3,T3
jiang4,jiaN4,jiaN51,jiang2,jiaN2,jiaN2,T4
jiao1,jiau1,jiau55,jiao1,jiau1,jiau1,T1
jiao2,jiau2,jiau35,jiao5,jiau5,jiau5,T2
jiao3,jiau3,jiau214,jiao3,jiau3,jiau3,T3
jiao4,jiau4,jiau51,jiao2,jiau2,jiau2,T4
jie1,jie1,jiE55,jie1,jie1,ji[1,T1
jie2,jie2,jiE35,jie5,jie5,ji[5,T2
jie3,jie3,jiE214,jie3,jie3,ji[3,T3
jie4,jie4,jiE51,jie2,jie2,ji[2,T4
jin1,jin1,jIn55,jin1,jin1,jin1,T1
jin3,jin3,jIn214,jin3,jin3,jin3,T3
jin4,jin4,jIn51,jin2,jin2,jin2,T4
jing1,jiN1,jIN55,jing1,jiN1,jiN1,T1
jing3,jiN3,jIN214,jing3,jiN3,jiN3,T3
jing4,jiN4,jIN51,jing2,jiN2,jiN2,T4
jiong1,jyN1,jiON55,jiong1,jyN1,jioN1,T1
jiong3,jyN3,jiON214,jiong3,jyN3,jioN3,T3
jiu1,jiu1,jiou55,jiu1,jiu1,jiou1,T1
jiu3,jiu3,jiou214,jiu3,jiu3,jiou3,T3
jiu4,jiu4,jiou51,jiu2,jiu2,jiou2,T4
jü1,ju1,ju55,jü1,ju1,jy1,T1
jü2,ju2,ju35,jü5,ju5,jy5,T2
jü3,ju3,ju214,jü3,ju3,jy3,T3
jü4,ju4,ju51,jü2,ju2,jy2,T4
jüan1,jyan1,jyEn55,jüan1,jyan1,jy[n1,T1
jüan3,jyan3,jyEn214,jüan3,jyan3,jy[n3,T3
jüan4,jyan4,jyEn51,jüan2,jyan2,jy[n2,T4
jüe1,jye1,jyE55,jüe1,jye1,jye1,T1
jüe2,jye2,jyE35,jüe5,jye5,jye5,T2
jün1,jyn1,Jyn55,jün1,jyn1,jyn1,T1
jün3,jyn3,Jyn214,jün3,jyn3,jyn3,T3
jün4,jyn4,Jyn51,jün2,jyn2,jyn2,T4
ka1,ka1,ka55,ka1,ka1,Ka1,T1
ka3,ka3,ka214,ka3,ka3,Ka3,T3
ka4,ka4,ka51,ka2,ka2,Ka2,T4
kai1,kai1,kai55,kai1,kai1,Kai1,T1
kai3,kai3,kai214,kai3,kai3,Kai3,T3
kai4,kai4,kai51,kai2,kai2,Kai2,T4
kan1,kan1,kan55,kan1,kan1,Kan1,T1
kan3,kan3,kan214,kan3,kan3,Kan3,T3
kan4,kan4,kan51,kan2,kan2,Kan2,T4
kang1,kaN1,kaN55,kang1,kaN1,KaN1,T1
kang2,kaN2,kaN35,kang5,kaN5,KaN5,T2
kang4,kaN4,kaN51,kang2,kaN2,KaN2,T4
kao1,kau1,kau55,kao1,kau1,Kau1,T1
kao3,kau3,kau214,kao3,kau3,Kau3,T3
kao4,kau4,kau51,kao2,kau2,Kau2,T4
ke1,ke1,k^55,ke1,ke1,K^1,T1
ke2,ke2,k^35,ke5,ke5,K^5,T2
ke3,ke3,k^214,ke3,ke3,K^3,T3
ke4,ke4,k^51,ke2,ke2,K^2,T4
ken3,ken3,k^n214,ken3,ken3,K^n3,T3
ken4,ken4,k^n51,ken2,ken2,K^n2,T4
keng1,keN1,k^N55,keng1,keN1,K^N1,T1
kong1,koN1,kON55,kong1,koN1,KoN1,T1
kong3,koN3,kON214,kong3,koN3,KoN3,T3
kong4,koN4,kON51,kong2,koN2,KoN2,T4
kou1,kou1,kou55,kou1,kou1,Kou1,T1
kou3,kou3,kou214,kou3,kou3,Kou3,T3
kou4,kou4,kou51,kou2,kou2,Kou2,T4
ku1,ku1,ku55,ku1,ku1,Ku1,T1
ku3,ku3,ku214,ku3,ku3,Ku3,T3
ku4,ku4,ku51,ku2,ku2,Ku2,T4
kua1,kua1,kua55,kua1,kua1,Kua1,T1
kua3,kua3,kua214,kua3,kua3,Kua3,T3
kua4,kua4,kua51,kua2,kua2,Kua2,T4
kuai1,kuai1,kuai55,kuai1,kuai1,Kuai1,T1
kuai3,kuai3,kuai214,kuai3,kuai3,Kuai3,T3
kuai4,kuai4,kuai51,kuai2,kuai2,Kuai2,T4
kuan1,kuan1,kuan55,kuan1,kuan1,Kuan1,T1
kuan3,kuan3,kuan214,kuan3,kuan3,Kuan3,T3
kuang1,kuaN1,kuaN55,kuang1,kuaN1,KuaN1,T1
kuang2,kuaN2,kuaN35,kuang5,kuaN5,KuaN5,T2
kuang3,kuaN3,kuaN214,kuang3,kuaN3,KuaN3,T3
kuang4,kuaN4,kuaN51,kuang2,kuaN2,KuaN2,T4
kui1,kui1,kuei55,kui1,kui1,Kuei1,T1
kui2,kui2,kuei35,kui5,kui5,Kuei5,T2
kui3,kui3,kuei214,kui3,kui3,Kuei3,T3
kui4,kui4,kuei51,kui2,kui2,Kuei2,T4
kun1,kun1,kUn55,kun1,kun1,Kun1,T1
kun3,kun3,kUn214,kun3,kun3,Kun3,T3
kun4,kun4,kUn51,kun2,kun2,Kun2,T4
kuo4,kuo4,kuO51,kuo2,kuo2,Kuo2,T4
la1,la1,la55,la1,la1,la1,T1
la2,la2,la35,la5,la5,la5,T2
la3,la3,la214,la3,la3,la3,T3
la4,la4,la51,la2,la2,la2,T4
lai2,lai2,lai35,lai5,lai5,lai5,T2
lai4,lai4,lai51,lai2,lai2,lai2,T4
lan2,lan2,lan35,lan5,lan5,lan5,T2
lan3,lan3,lan214,lan3,lan3,lan3,T3
lan4,lan4,lan51,lan2,lan2,lan2,T4
lang1,laN1,laN55,lang1,laN1,laN1,T1
lang2,laN2,laN35,lang5,laN5,laN5,T2
lang3,laN3,laN214,lang3,laN3,laN3,T3
lang4,laN4,laN51,lang2,laN2,laN2,T4
lao1,lau1,lau55,lao1,lau1,lau1,T1
lao2,lau2,lau35,lao5,lau5,lau5,T2
lao3,lau3,lau214,lao3,lau3,lau3,T3
lao4,lau4,lau51,lao2,lau2,lau2,T4
le0,le0,l^3,le0,le0,l^0,T0
le4,le4,l^51,le2,le2,l^2,T4
lei1,lei1,lei55,lei1,lei1,lei1,T1
lei2,lei2,lei35,lei5,lei5,lei5,T2
lei3,lei3,lei214,lei3,lei3,lei3,T3
lei4,lei4,lei51,lei2,lei2,lei2,T4
leng2,leN2,l^N35,leng5,leN5,l^N5,T2
leng3,leN3,l^N214,leng3,leN3,l^N3,T3
leng4,leN4,l^N51,leng2,leN2,l^N2,T4
li1,li1,li55,li1,li1,li1,T1
li2,li2,li35,li5,li5,li5,T2
li3,li3,li214,li3,li3,li3,T3
li4,li4,li51,li2,li2,li2,T4
lia3,lia3,lia214,lia3,lia3,lia3,T3
lian2,lian2,liEn35,lian5,lian5,li[n5,T2
lian3,lian3,liEn214,lian3,lian3,li[n3,T3
lian4,lian4,liEn51,lian2,lian2,li[n2,T4
liang2,liaN2,liaN35,liang5,liaN5,liaN5,T2
liang3,liaN3,liaN214,liang3,liaN3,liaN3,T3
liang4,liaN4,liaN51,liang2,liaN2,liaN2,T4
liao1,liau1,liau55,liao1,liau1,liau1,T1
liao2,liau2,liau35,liao5,liau5,liau5,T2
liao3,liau3,liau214,liao3,liau3,liau3,T3
liao4,liau4,liau51,liao2,liau2,liau2,T4
lie1,lie1,liE55,lie1,lie1,li[1,T1
lie3,lie3,liE214,lie3,lie3,li[3,T3
lie4,lie4,liE51,lie2,lie2,li[2,T4
lin2,lin2,lIn35,lin5,lin5,lin5,T2
lin3,lin3,lIn214,lin3,lin3,lin3,T3
lin4,lin4,lIn51,lin2,lin2,lin2,T4
ling1,liN1,lIN55,ling1,liN1,liN1,T1
ling2,liN2,lIN35,ling5,liN5,liN5,T2
ling3,liN3,lIN214,ling3,liN3,liN3,T3
ling4,liN4,lIN51,ling2,liN2,liN2,T4
liu1,liu1,liou55,liu1,liu1,liou1,T1
liu2,liu2,liou35,liu5,liu5,liou5,T2
liu3,liu3,liou214,liu3,liu3,liou3,T3
liu4,liu4,liou51,liu2,liu2,liou2,T4
niu4,niu4,niou51,niu2,niu2,niou2,T4
long2,loN2,lON35,long5,loN5,loN5,T2
long3,loN3,lON214,long3,loN3,loN3,T3
long4,loN4,lON51,long2,loN2,loN2,T4
lou1,lou1,lou55,lou1,lou1,lou1,T1
lou2,lou2,lou35,lou5,lou5,lou5,T2
lou3,lou3,lou214,lou3,lou3,lou3,T3
lou4,lou4,lou51,lou2,lou2,lou2,T4
lu1,lu1,lu55,lu1,lu1,lu1,T1
lu2,lu2,lu35,lu5,lu5,lu5,T2
lu3,lu3,lu214,lu3,lu3,lu3,T3
lu4,lu4,lu51,lu2,lu2,lu2,T4
luan2,luan2,luan35,luan5,luan5,luan5,T2
luan3,luan3,luan214,luan3,luan3,luan3,T3
luan4,luan4,luan51,luan2,luan2,luan2,T4
lüe4,lye4,lyE51,lüe2,lye2,lye2,T4
lun1,lun1,lUn55,lun1,lun1,lun1,T1
lun2,lun2,lUn35,lun5,lun5,lun5,T2
lun4,lun4,lUn51,lun2,lun2,lun2,T4
luo1,luo1,luO55,luo1,luo1,luo1,T1
luo2,luo2,luO35,luo5,luo5,luo5,T2
luo3,luo3,luO214,luo3,luo3,luo3,T3
luo4,luo4,luO51,luo2,luo2,luo2,T4
lü2,ly2,ly35,lü5,ly5,ly5,T2
lü3,ly3,ly214,lü3,ly3,ly3,T3
lü4,ly4,ly51,lü2,ly2,ly2,T4
ma0,ma0,ma3,ma0,ma0,ma0,T0
ma1,ma1,ma55,ma1,ma1,ma1,T1
ma2,ma2,ma35,ma5,ma5,ma5,T2
ma3,ma3,ma214,ma3,ma3,ma3,T3
ma4,ma4,ma51,ma2,ma2,ma2,T4
mai2,mai2,mai35,mai5,mai5,mai5,T2
mai3,mai3,mai214,mai3,mai3,mai3,T3
mai4,mai4,mai51,mai2,mai2,mai2,T4
man2,man2,man35,man5,man5,man5,T2
man3,man3,man214,man3,man3,man3,T3
man4,man4,man51,man2,man2,man2,T4
mang2,maN2,maN35,mang5,maN5,maN5,T2
mang3,maN3,maN214,mang3,maN3,maN3,T3
mao1,mau1,mau55,mao1,mau1,mau1,T1
mao2,mau2,mau35,mao5,mau5,mau5,T2
mao3,mau3,mau214,mao3,mau3,mau3,T3
mao4,mau4,mau51,mao2,mau2,mau2,T4
mei2,mei2,mei35,mei5,mei5,mei5,T2
mei3,mei3,mei214,mei3,mei3,mei3,T3
mei4,mei4,mei51,mei2,mei2,mei2,T4
men0,men0,m^n3,men0,men0,m^n0,T0
men1,men1,m^n55,men1,men1,m^n1,T1
men2,men2,m^n35,men5,men5,m^n5,T2
men4,men4,m^n51,men2,men2,m^n2,T4
meng2,meN2,mON35,meng5,meN5,m^N5,T2
meng3,meN3,mON214,meng3,meN3,m^N3,T3
meng4,meN4,mON51,meng2,meN2,m^N2,T4
mi1,mi1,mi55,mi1,mi1,mi1,T1
mi2,mi2,mi35,mi5,mi5,mi5,T2
mi3,mi3,mi214,mi3,mi3,mi3,T3
mi4,mi4,mi51,mi2,mi2,mi2,T4
mian2,mian2,miEn35,mian5,mian5,mi[n5,T2
mian3,mian3,miEn214,mian3,mian3,mi[n3,T3
mian4,mian4,miEn51,mian2,mian2,mi[n2,T4
miao1,miau1,miau55,miao1,miau1,miau1,T1
miao2,miau2,miau35,miao5,miau5,miau5,T2
miao3,miau3,miau214,miao3,miau3,miau3,T3
miao4,miau4,miau51,miao2,miau2,miau2,T4
mie1,mie1,miE55,mie1,mie1,mi[1,T1
mie4,mie4,miE51,mie2,mie2,mi[2,T4
min2,min2,mIn35,min5,min5,min5,T2
min3,min3,mIn214,min3,min3,min3,T3
ming2,miN2,mIN35,ming5,miN5,miN5,T2
ming3,miN3,mIN214,ming3,miN3,miN3,T3
ming4,miN4,mIN51,ming2,miN2,miN2,T4
miu4,miu4,miou51,miu2,miu2,miou2,T4
mo0,mo0,mo3,mo0,mo0,mo0,T0
mo1,mo1,mo55,mo1,mo1,mo1,T1
mo2,mo2,mo35,mo5,mo5,mo5,T2
mo3,mo3,mo214,mo3,mo3,mo3,T3
mo4,mo4,mo51,mo2,mo2,mo2,T4
mou2,mou2,mou35,mou5,mou5,mou5,T2
mou3,mou3,mou214,mou3,mou3,mou3,T3
mu2,mu2,mu35,mu5,mu5,mu5,T2
mu3,mu3,mu214,mu3,mu3,mu3,T3
mu4,mu4,mu51,mu2,mu2,mu2,T4
na2,na2,na35,na5,na5,na5,T2
na3,na3,na214,na3,na3,na3,T3
na4,na4,na51,na2,na2,na2,T4
nai3,nai3,nai214,nai3,nai3,nai3,T3
nai4,nai4,nai51,nai2,nai2,nai2,T4
nan1,nan1,nan55,nan1,nan1,nan1,T1
nan2,nan2,nan35,nan5,nan5,nan5,T2
nan3,nan3,nan214,nan3,nan3,nan3,T3
nan4,nan4,nan51,nan2,nan2,nan2,T4
nang2,naN2,naN35,nang5,naN5,naN5,T2
nang3,naN3,naN214,nang3,naN3,naN3,T3
nang4,naN4,naN51,nang2,naN2,naN2,T4
nao1,nau1,nau55,nao1,nau1,nau1,T1
nao2,nau2,nau35,nao5,nau5,nau5,T2
nao3,nau3,nau214,nao3,nau3,nau3,T3
nao4,nau4,nau51,nao2,nau2,nau2,T4
nei3,nei3,nei214,nei3,nei3,nei3,T3
nei4,nei4,nei51,nei2,nei2,nei2,T4
nen4,nen4,n^n51,nen2,nen2,n^n2,T4
neng2,neN2,n^N35,neng5,neN5,n^N5,T2
neng4,neN4,n^N51,neng2,neN2,n^N2,T4
ni2,ni2,ni35,ni5,ni5,ni5,T2
ni3,ni3,ni214,ni3,ni3,ni3,T3
ni4,ni4,ni51,ni2,ni2,ni2,T4
nian2,nian2,niEn35,nian5,nian5,ni[n5,T2
nian3,nian3,niEn214,nian3,nian3,ni[n3,T3
nian4,nian4,niEn51,nian2,nian2,ni[n2,T4
niang2,niaN2,niaN35,niang5,niaN5,niaN5,T2
niang4,niaN4,niaN51,niang2,niaN2,niaN2,T4
niao3,niau3,niau214,niao3,niau3,niau3,T3
niao4,niau4,niau51,niao2,niau2,niau2,T4
nie1,nie1,niE55,nie1,nie1,ni[1,T1
nie2,nie2,niE35,nie5,nie5,ni[5,T2
nie4,nie4,niE51,nie2,nie2,ni[2,T4
nin2,nin2,nIn35,nin5,nin5,nin5,T2
ning2,niN2,nIN35,ning5,niN5,niN5,T2
ning4,niN4,nIN51,ning2,niN2,niN2,T4
niu1,niu1,niou55,niu1,niu1,niou1,T1
niu2,niu2,niou35,niu5,niu5,niou5,T2
niu3,niu3,niou214,niu3,niu3,niou3,T3
nong2,noN2,nON35,nong5,noN5,noN5,T2
nong4,noN4,nON51,nong2,noN2,noN2,T4
nou4,nou4,nou51,nou2,nou2,nou2,T4
nu2,nu2,nu35,nu5,nu5,nu5,T2
nu3,nu3,nu214,nu3,nu3,nu3,T3
nu4,nu4,nu51,nu2,nu2,nu2,T4
nuan3,nuan3,nuan214,nuan3,nuan3,nuan3,T3
nüe4,nye4,nyE51,nüe2,nye2,nye2,T4
nuo2,nuo2,nuO35,nuo5,nuo5,nuo5,T2
nuo3,nuo3,nuO214,nuo3,nuo3,nuo3,T3
nuo4,nuo4,nuO51,nuo2,nuo2,nuo2,T4
nü3,ny3,ny214,nü3,ny3,ny3,T3
nü4,ny4,ny51,nü2,ny2,ny2,T4
o1,o1,o55,o1,o1,o1,T1
o2,o2,o35,o5,o5,o5,T2
ou1,ou1,ou55,ou1,ou1,ou1,T1
ou2,ou2,ou35,ou5,ou5,ou5,T2
ou3,ou3,ou214,ou3,ou3,ou3,T3
ou4,ou4,ou51,ou2,ou2,ou2,T4
pa1,pa1,pa55,pa1,pa1,Pa1,T1
pa2,pa2,pa35,pa5,pa5,Pa5,T2
pa4,pa4,pa51,pa2,pa2,Pa2,T4
pai1,pai1,pai55,pai1,pai1,Pai1,T1
pai2,pai2,pai35,pai5,pai5,Pai5,T2
pai3,pai3,pai214,pai3,pai3,Pai3,T3
pai4,pai4,pai51,pai2,pai2,Pai2,T4
pan1,pan1,pan55,pan1,pan1,Pan1,T1
pan2,pan2,pan35,pan5,pan5,Pan5,T2
pan4,pan4,pan51,pan2,pan2,Pan2,T4
pang1,paN1,paN55,pang1,paN1,PaN1,T1
pang2,paN2,paN35,pang5,paN5,PaN5,T2
pang3,paN3,paN214,pang3,paN3,PaN3,T3
pang4,paN4,paN51,pang2,paN2,PaN2,T4
pao1,pau1,pau55,pao1,pau1,Pau1,T1
pao2,pau2,pau35,pao5,pau5,Pau5,T2
pao3,pau3,pau214,pao3,pau3,Pau3,T3
pao4,pau4,pau51,pao2,pau2,Pau2,T4
pei1,pei1,pei55,pei1,pei1,Pei1,T1
pei2,pei2,pei35,pei5,pei5,Pei5,T2
pei4,pei4,pei51,pei2,pei2,Pei2,T4
pen1,pen1,p^n55,pen1,pen1,P^n1,T1
pen2,pen2,p^n35,pen5,pen5,P^n5,T2
peng1,peN1,pON55,peng1,peN1,P^N1,T1
peng2,peN2,pON35,peng5,peN5,P^N5,T2
peng3,peN3,pON214,peng3,peN3,P^N3,T3
peng4,peN4,pON51,peng2,peN2,P^N2,T4
pi1,pi1,pi55,pi1,pi1,Pi1,T1
pi2,pi2,pi35,pi5,pi5,Pi5,T2
pi3,pi3,pi214,pi3,pi3,Pi3,T3
pi4,pi4,pi51,pi2,pi2,Pi2,T4
pian1,pian1,piEn55,pian1,pian1,Pi[n1,T1
pian2,pian2,piEn35,pian5,pian5,Pi[n5,T2
pian4,pian4,piEn51,pian2,pian2,Pi[n2,T4
piao1,piau1,piau55,piao1,piau1,Piau1,T1
piao2,piau2,piau35,piao5,piau5,Piau5,T2
piao3,piau3,piau214,piao3,piau3,Piau3,T3
piao4,piau4,piau51,piao2,piau2,Piau2,T4
pie1,pie1,piE55,pie1,pie1,Pi[1,T1
pie3,pie3,piE214,pie3,pie3,Pi[3,T3
pin1,pin1,pIn55,pin1,pin1,Pin1,T1
pin2,pin2,pIn35,pin5,pin5,Pin5,T2
pin3,pin3,pIn214,pin3,pin3,Pin3,T3
pin4,pin4,pIn51,pin2,pin2,Pin2,T4
ping1,piN1,pIN55,ping1,piN1,PiN1,T1
ping2,piN2,pIN35,ping5,piN5,PiN5,T2
po1,po1,po55,po1,po1,Po1,T1
po2,po2,po35,po5,po5,Po5,T2
po3,po3,po214,po3,po3,Po3,T3
po4,po4,po51,po2,po2,Po2,T4
pou1,pou1,pou55,pou1,pou1,Pou1,T1
pou2,pou2,pou35,pou5,pou5,Pou5,T2
pou3,pou3,pou214,pou3,pou3,Pou3,T3
pu1,pu1,pu55,pu1,pu1,Pu1,T1
pu2,pu2,pu35,pu5,pu5,Pu5,T2
pu3,pu3,pu214,pu3,pu3,Pu3,T3
pu4,pu4,pu51,pu2,pu2,Pu2,T4
qi1,qi1,qi55,qi1,qi1,qi1,T1
qi2,qi2,qi35,qi5,qi5,qi5,T2
qi3,qi3,qi214,qi3,qi3,qi3,T3
qi4,qi4,qi51,qi2,qi2,qi2,T4
qia1,qia1,qia55,qia1,qia1,qia1,T1
qia3,qia3,qia214,qia3,qia3,qia3,T3
qia4,qia4,qia51,qia2,qia2,qia2,T4
qian1,qian1,qiEn55,qian1,qian1,qi[n1,T1
qian2,qian2,qiEn35,qian5,qian5,qi[n5,T2
qian3,qian3,qiEn214,qian3,qian3,qi[n3,T3
qian4,qian4,qiEn51,qian2,qian2,qi[n2,T4
qiang1,qiaN1,qiaN55,qiang1,qiaN1,qiaN1,T1
qiang2,qiaN2,qiaN35,qiang5,qiaN5,qiaN5,T2
qiang3,qiaN3,qiaN214,qiang3,qiaN3,qiaN3,T3
qiang4,qiaN4,qiaN51,qiang2,qiaN2,qiaN2,T4
qiao1,qiau1,qiau55,qiao1,qiau1,qiau1,T1
qiao2,qiau2,qiau35,qiao5,qiau5,qiau5,T2
qiao3,qiau3,qiau214,qiao3,qiau3,qiau3,T3
qiao4,qiau4,qiau51,qiao2,qiau2,qiau2,T4
qie1,qie1,qiE55,qie1,qie1,qi[1,T1
qie2,qie2,qiE35,qie5,qie5,qi[5,T2
qie3,qie3,qiE214,qie3,qie3,qi[3,T3
qie4,qie4,qiE51,qie2,qie2,qi[2,T4
qin1,qin1,qIn55,qin1,qin1,qin1,T1
qin2,qin2,qIn35,qin5,qin5,qin5,T2
qin3,qin3,qIn214,qin3,qin3,qin3,T3
qin4,qin4,qIn51,qin2,qin2,qin2,T4
qing1,qiN1,qIN55,qing1,qiN1,qiN1,T1
qing2,qiN2,qIN35,qing5,qiN5,qiN5,T2
qing3,qiN3,qiN214,qing3,qiN3,qiN3,T3
qing4,qiN4,qIN51,qing2,qiN2,qiN2,T4
qiong1,qyN1,qiON55,qiong1,qyN1,qioN1,T1
qiong2,qyN2,qiON35,qiong5,qyN5,qioN5,T2
qiu1,qiu1,qiou55,qiu1,qiu1,qiou1,T1
qiu2,qiu2,qiou35,qiu5,qiu5,qiou5,T2
qiu3,qiu3,qiou214,qiu3,qiu3,qiou3,T3
qü1,qy1,qy55,qü1,qy1,qy1,T1
qü2,qy2,qy35,qü5,qy5,qy5,T2
qü3,qy3,qy214,qü3,qy3,qy3,T3
qü4,qy4,qy51,qü2,qy2,qy2,T4
qüan1,qyan1,qyEn55,qüan1,qyan1,qy[n1,T1
qüan2,qyan2,qyEn35,qüan5,qyan5,qy[n5,T2
qüan3,qyan3,qyEn214,qüan3,qyan3,qy[n3,T3
qüan4,qyan4,qyEn51,qüan2,qyan2,qy[n2,T4
qüe1,qye1,qyE55,qüe1,qye1,qye1,T1
qüe2,qye2,qyE35,qüe5,qye5,qye5,T2
qüe4,qye4,qyE51,qüe2,qye2,qye2,T4
qün1,qyn1,qyn55,qün1,qyn1,qyn1,T1
qün2,qyn2,qyn35,qün5,qyn5,qyn5,T2
ran2,ran2,ran35,ran5,ran5,ran5,T2
ran3,ran3,ran214,ran3,ran3,ran3,T3
rang2,raN2,raN35,rang5,raN5,raN5,T2
rang3,raN3,raN214,rang3,raN3,raN3,T3
rang4,raN4,raN51,rang2,raN2,raN2,T4
rao2,rau2,rau35,rao5,rau5,rau5,T2
rao3,rau3,rau214,rao3,rau3,rau3,T3
rao4,rau4,rau51,rao2,rau2,rau2,T4
re3,re3,r^214,re3,re3,r^3,T3
re4,re4,r^51,re2,re2,r^2,T4
ren2,ren2,r^n35,ren5,ren5,r^n5,T2
ren3,ren3,r^n214,ren3,ren3,r^n3,T3
ren4,ren4,r^n51,ren2,ren2,r^n2,T4
reng1,reN1,r^N55,reng1,reN1,r^N1,T1
reng2,reN2,r^N35,reng5,reN5,r^N5,T2
ri4,rH4,rH51,ri2,rH2,ri2,T4
rong2,roN2,rON35,rong5,roN5,roN5,T2
rong3,roN3,rON214,rong3,roN3,roN3,T3
rou2,rou2,rou35,rou5,rou5,rou5,T2
rou3,rou3,rou214,rou3,rou3,rou3,T3
rou4,rou4,rou51,rou2,rou2,rou2,T4
ru2,ru2,ru35,ru5,ru5,ru5,T2
ru3,ru3,ru214,ru3,ru3,ru3,T3
ru4,ru4,ru51,ru2,ru2,ru2,T4
ruan2,ruan2,ruan35,ruan5,ruan5,ruan5,T2
ruan3,ruan3,ruan214,ruan3,ruan3,ruan3,T3
rui2,rui2,ruei35,rui5,rui5,ruei5,T2
rui3,rui3,ruei214,rui3,rui3,ruei3,T3
rui4,rui4,ruei51,rui2,rui2,ruei2,T4
run4,run4,rUn51,run2,run2,run2,T4
ruo4,ruo4,ruO51,ruo2,ruo2,ruo2,T4
sa1,sa1,sa55,sa1,sa1,sa1,T1
sa3,sa3,sa214,sa3,sa3,sa3,T3
sa4,sa4,sa51,sa2,sa2,sa2,T4
sai1,sai1,sai55,sai1,sai1,sai1,T1
sai4,sai4,sai51,sai2,sai2,sai2,T4
san1,san1,san55,san1,san1,san1,T1
san3,san3,san214,san3,san3,san3,T3
san4,san4,san51,san2,san2,san2,T4
sang1,saN1,saN55,sang1,saN1,saN1,T1
sang3,saN3,saN214,sang3,saN3,saN3,T3
sang4,saN4,saN51,sang2,saN2,saN2,T4
sao1,sau1,sau55,sao1,sau1,sau1,T1
sao3,sau3,sau214,sao3,sau3,sau3,T3
sao4,sau4,sau51,sao2,sau2,sau2,T4
se4,se4,s^51,se2,se2,s^2,T4
sen1,sen1,s^n55,sen1,sen1,s^n1,T1
seng1,seN1,s^N55,seng1,seN1,s^N1,T1
sha1,Sa1,Sa55,sha1,Sa1,Sa1,T1
sha2,Sa2,Sa35,sha5,Sa5,Sa5,T2
sha3,Sa3,Sa214,sha3,Sa3,Sa3,T3
sha4,Sa4,Sa51,sha2,Sa2,Sa2,T4
shai1,Sai1,Sai55,shai1,Sai1,Sai1,T1
shai3,Sai3,Sai214,shai3,Sai3,Sai3,T3
shai4,Sai4,Sai51,shai2,Sai2,Sai2,T4
shan1,San1,San55,shan1,San1,San1,T1
shan3,San3,San214,shan3,San3,San3,T3
shan4,San4,San51,shan2,San2,San2,T4
shang1,SaN1,SaN55,shang1,SaN1,SaN1,T1
shang3,SaN3,SaN214,shang3,SaN3,SaN3,T3
shang4,SaN4,SaN51,shang2,SaN2,SaN2,T4
shao1,Sau1,Sau55,shao1,Sau1,Sau1,T1
shao2,Sau2,Sau35,shao5,Sau5,Sau5,T2
shao3,Sau3,Sau214,shao3,Sau3,Sau3,T3
shao4,Sau4,Sau51,shao2,Sau2,Sau2,T4
she1,Se1,S^55,she1,Se1,S^1,T1
she2,Se2,S^35,she5,Se5,S^5,T2
she3,Se3,S^214,she3,Se3,S^3,T3
she4,Se4,S^51,she2,Se2,S^2,T4
shei2,Sei2,Sei35,shei5,Sei5,Sei5,T2
shen1,Sen1,S^n55,shen1,Sen1,S^n1,T1
shen2,Sen2,S^n35,shen5,Sen5,S^n5,T2
shen3,Sen3,S^n214,shen3,Sen3,S^n3,T3
shen4,Sen4,S^n51,shen2,Sen2,S^n2,T4
sheng1,SeN1,S^N55,sheng1,SeN1,S^N1,T1
sheng2,SeN2,S^N35,sheng5,SeN5,S^N5,T2
sheng3,SeN3,S^N214,sheng3,SeN3,S^N3,T3
sheng4,SeN4,S^N51,sheng2,SeN2,S^N2,T4
shi1,SH1,SH55,shi1,SH1,Si1,T1
shi2,SH2,SH35,shi5,SH5,Si5,T2
shi3,SH3,SH214,shi3,SH3,Si3,T3
shi4,SH4,SH51,shi2,SH2,Si2,T4
shou1,Sou1,Sou55,shou1,Sou1,Sou1,T1
shou2,Sou2,Sou35,shou5,Sou5,Sou5,T2
shou3,Sou3,Sou214,shou3,Sou3,Sou3,T3
shou4,Sou4,Sou51,shou2,Sou2,Sou2,T4
shu1,Su1,Su55,shu1,Su1,Su1,T1
shu2,Su2,Su35,shu5,Su5,Su5,T2
shu3,Su3,Su214,shu3,Su3,Su3,T3
shu4,Su4,Su51,shu2,Su2,Su2,T4
shua1,Sua1,Sua55,shua1,Sua1,Sua1,T1
shua3,Sua3,Sua214,shua3,Sua3,Sua3,T3
shuai1,Suai1,Suai55,shuai1,Suai1,Suai1,T1
shuai3,Suai3,Suai214,shuai3,Suai3,Suai3,T3
shuai4,Suai4,Suai51,shuai2,Suai2,Suai2,T4
shuan1,Suan1,Suan55,shuan1,Suan1,Suan1,T1
shuan4,Suan4,Suan51,shuan2,Suan2,Suan2,T4
shuang1,SuaN1,SuaN55,shuang1,SuaN1,SuaN1,T1
shuang3,SuaN3,SuaN214,shuang3,SuaN3,SuaN3,T3
shuang4,SuaN4,SuaN51,shuang2,SuaN2,SuaN2,T4
shui2,Sui2,Suei35,shui5,Sui5,Suei5,T2
shui3,Sui3,Suei214,shui3,Sui3,Suei3,T3
shui4,Sui4,Suei51,shui2,Sui2,Suei2,T4
shun3,Sun3,SUn214,shun3,Sun3,Sun3,T3
shun4,Sun4,SUn51,shun2,Sun2,Sun2,T4
shuo1,Suo1,SuO55,shuo1,Suo1,Suo1,T1
shuo4,Suo4,SuO51,shuo2,Suo2,Suo2,T4
si1,sH1,sH55,si1,sH1,si1,T1
si3,sH3,sH214,si3,sH3,si3,T3
si4,sH4,sH51,si2,sH2,si2,T4
song1,soN1,sON55,song1,soN1,soN1,T1
song3,soN3,sON214,song3,soN3,soN3,T3
song4,soN4,sON51,song2,soN2,soN2,T4
sou1,sou1,sou55,sou1,sou1,sou1,T1
sou3,sou3,sou214,sou3,sou3,sou3,T3
sou4,sou4,sou51,sou2,sou2,sou2,T4
su1,su1,su55,su1,su1,su1,T1
su2,su2,su35,su5,su5,su5,T2
su4,su4,su51,su2,su2,su2,T4
suan1,suan1,suan55,suan1,suan1,suan1,T1
suan4,suan4,suan51,suan2,suan2,suan2,T4
sui1,sui1,suei55,sui1,sui1,suei1,T1
sui2,sui2,suei35,sui5,sui5,suei5,T2
sui3,sui3,suei214,sui3,sui3,suei3,T3
sui4,sui4,suei51,sui2,sui2,suei2,T4
sun1,sun1,sUn55,sun1,sun1,sun1,T1
sun3,sun3,sUn214,sun3,sun3,sun3,T3
sun4,sun4,sUn51,sun2,sun2,sun2,T4
suo1,suo1,suO55,suo1,suo1,suo1,T1
suo3,suo3,suO214,suo3,suo3,suo3,T3
suo4,suo4,suO51,suo2,suo2,suo2,T4
ta1,ta1,ta55,ta1,ta1,Ta1,T1
ta3,ta3,ta214,ta3,ta3,Ta3,T3
ta4,ta4,ta51,ta2,ta2,Ta2,T4
tai1,tai1,tai55,tai1,tai1,Tai1,T1
tai2,tai2,tai35,tai5,tai5,Tai5,T2
tai4,tai4,tai51,tai2,tai2,Tai2,T4
tan1,tan1,tan55,tan1,tan1,Tan1,T1
tan2,tan2,tan35,tan5,tan5,Tan5,T2
tan3,tan3,tan214,tan3,tan3,Tan3,T3
tan4,tan4,tan51,tan2,tan2,Tan2,T4
tang1,taN1,taN55,tang1,taN1,TaN1,T1
tang2,taN2,taN35,tang5,taN5,TaN5,T2
tang3,taN3,taN214,tang3,taN3,TaN3,T3
tang4,taN4,taN51,tang2,taN2,TaN2,T4
tao1,tau1,tau55,tao1,tau1,Tau1,T1
tao2,tau2,tau35,tao5,tau5,Tau5,T2
tao3,tau3,tau214,tao3,tau3,Tau3,T3
tao4,tau4,tau51,tao2,tau2,Tau2,T4
te4,te4,t^51,te2,te2,T^2,T4
teng2,teN2,t^N35,teng5,teN5,T^N5,T2
ti1,ti1,ti55,ti1,ti1,Ti1,T1
ti2,ti2,ti35,ti5,ti5,Ti5,T2
ti3,ti3,ti214,ti3,ti3,Ti3,T3
ti4,ti4,ti51,ti2,ti2,Ti2,T4
tian1,tian1,tiEn55,tian1,tian1,Ti[n1,T1
tian2,tian2,tiEn35,tian5,tian5,Ti[n5,T2
tian3,tian3,tiEn214,tian3,tian3,Ti[n3,T3
tian4,tian4,tiEn51,tian2,tian2,Ti[n2,T4
tiao1,tiau1,tiau55,tiao1,tiau1,Tiau1,T1
tiao2,tiau2,tiau35,tiao5,tiau5,Tiau5,T2
tiao3,tiau3,tiau214,tiao3,tiau3,Tiau3,T3
tiao4,tiau4,tiau51,tiao2,tiau2,Tiau2,T4
tie1,tie1,tiE55,tie1,tie1,Ti[1,T1
tie3,tie3,tiE214,tie3,tie3,Ti[3,T3
tie4,tie4,tiE51,tie2,tie2,Ti[2,T4
ting1,tiN1,tIN55,ting1,tiN1,TiN1,T1
ting2,tiN2,tIN35,ting5,tiN5,TiN5,T2
ting3,tiN3,tIN214,ting3,tiN3,TiN3,T3
ting4,tiN4,tIN51,ting2,tiN2,TiN2,T4
tong1,toN1,tON55,tong1,toN1,ToN1,T1
tong2,toN2,tON35,tong5,toN5,ToN5,T2
tong3,toN3,tON214,tong3,toN3,ToN3,T3
tong4,toN4,tON51,tong2,toN2,ToN2,T4
tou0,tou0,tou3,tou0,tou0,Tou0,T0
tou1,tou1,tou55,tou1,tou1,Tou1,T1
tou2,tou2,tou35,tou5,tou5,Tou5,T2
tou3,tou3,tou214,tou3,tou3,Tou3,T3
tou4,tou4,tou51,tou2,tou2,Tou2,T4
tu1,tu1,tu55,tu1,tu1,Tu1,T1
tu2,tu2,tu35,tu5,tu5,Tu5,T2
tu3,tu3,tu214,tu3,tu3,Tu3,T3
tu4,tu4,tu51,tu2,tu2,Tu2,T4
tuan1,tuan1,tuan55,tuan1,tuan1,Tuan1,T1
tuan2,tuan2,tuan35,tuan5,tuan5,Tuan5,T2
tuan4,tuan4,tuan51,tuan2,tuan2,Tuan2,T4
tui1,tui1,tuei55,tui1,tui1,Tuei1,T1
tui2,tui2,tuei35,tui5,tui5,Tuei5,T2
tui3,tui3,tuei214,tui3,tui3,Tuei3,T3
tui4,tui4,tuei51,tui2,tui2,Tuei2,T4
tun1,tun1,tUn55,tun1,tun1,Tun1,T1
tun2,tun2,tUn35,tun5,tun5,Tun5,T2
tun3,tun3,tUn214,tun3,tun3,Tun3,T3
tun4,tun4,tUn51,tun2,tun2,Tun2,T4
tuo1,tuo1,tuO55,tuo1,tuo1,Tuo1,T1
tuo2,tuo2,tuO35,tuo5,tuo5,Tuo5,T2
tuo3,tuo3,tuO214,tuo3,tuo3,Tuo3,T3
tuo4,tuo4,tuO51,tuo2,tuo2,Tuo2,T4
wa1,ua1,ua55,wa1,ua1,ua1,T1
wa2,ua2,ua35,wa5,ua5,ua5,T2
wa3,ua3,ua214,wa3,ua3,ua3,T3
wa4,ua4,ua51,wa2,ua2,ua2,T4
wai1,uai1,uai55,wai1,uai1,uai1,T1
wai4,uai4,uai51,wai2,uai2,uai2,T4
wan1,uan1,uan55,wan1,uan1,uan1,T1
wan2,uan2,uan35,wan5,uan5,uan5,T2
wan3,uan3,uan214,wan3,uan3,uan3,T3
wan4,uan4,uan51,wan2,uan2,uan2,T4
wang1,uaN1,uaN55,wang1,uaN1,uaN1,T1
wang2,uaN2,uaN35,wang5,uaN5,uaN5,T2
wang3,uaN3,uaN214,wang3,uaN3,uaN3,T3
wang4,uaN4,uaN51,wang2,uaN2,uaN2,T4
wei1,uei1,uei55,wei1,uei1,uei1,T1
wei2,uei2,uei35,wei5,uei5,uei5,T2
wei3,uei3,uei214,wei3,uei3,uei3,T3
wei4,uei4,uei51,wei2,uei2,uei2,T4
wen1,uen1,u^n55,wen1,uen1,un1,T1
wen2,uen2,u^n35,wen5,uen5,un5,T2
wen3,uen3,u^n214,wen3,uen3,un3,T3
wen4,uen4,u^n51,wen2,uen2,un2,T4
weng1,ueN1,uON55,weng1,ueN1,uoN1,T1
weng3,ueN3,uON214,weng3,ueN3,uoN3,T3
weng4,ueN4,uON51,weng2,ueN2,uoN2,T4
weng1,ueN1,uON55,weng1,ueN1,oN1,T1
weng3,ueN3,uON214,weng3,ueN3,oN3,T3
weng4,ueN4,uON51,weng2,ueN2,oN2,T4
wo1,uo1,uo55,wo1,uo1,uo1,T1
wo3,uo3,uo214,wo3,uo3,uo3,T3
wo4,uo4,uo51,wo2,uo2,uo2,T4
wu1,uu1,uu55,wu1,uu1,u1,T1
wu2,uu2,uu35,wu5,uu5,u5,T2
wu3,uu3,uu214,wu3,uu3,u3,T3
wu4,uu4,uu51,wu2,uu2,u2,T4
xi1,xi1,xi55,xi1,xi1,xi1,T1
xi2,xi2,xi35,xi5,xi5,xi5,T2
xi3,xi3,xi214,xi3,xi3,xi3,T3
xi4,xi4,xi51,xi2,xi2,xi2,T4
xia1,xia1,xia55,xia1,xia1,xia1,T1
xia2,xia2,xia35,xia5,xia5,xia5,T2
xia4,xia4,xia51,xia2,xia2,xia2,T4
xian1,xian1,xiEn55,xian1,xian1,xi[n1,T1
xian2,xian2,xiEn35,xian5,xian5,xi[n5,T2
xian3,xian3,xiEn214,xian3,xian3,xi[n3,T3
xian4,xian4,xiEn51,xian2,xian2,xi[n2,T4
xiang1,xiaN1,xiaN55,xiang1,xiaN1,xiaN1,T1
xiang2,xiaN2,xiaN35,xiang5,xiaN5,xiaN5,T2
xiang3,xiaN3,xiaN214,xiang3,xiaN3,xiaN3,T3
xiang4,xiaN4,xiaN51,xiang2,xiaN2,xiaN2,T4
xiao1,xiau1,xiau55,xiao1,xiau1,xiau1,T1
xiao2,xiau2,xiau35,xiao5,xiau5,xiau5,T2
xiao3,xiau3,xiau214,xiao3,xiau3,xiau3,T3
xiao4,xiau4,xiau51,xiao2,xiau2,xiau2,T4
xie1,xie1,xiE55,xie1,xie1,xi[1,T1
xie2,xie2,xiE35,xie5,xie5,xi[5,T2
xie3,xie3,xiE214,xie3,xie3,xi[3,T3
xie4,xie4,xiE51,xie2,xie2,xi[2,T4
xin1,xin1,xIn55,xin1,xin1,xin1,T1
xin2,xin2,xIn35,xin5,xin5,xin5,T2
xin3,xin3,xIn214,xin3,xin3,xin3,T3
xin4,xin4,xIn51,xin2,xin2,xin2,T4
xing1,xiN1,xIN55,xing1,xiN1,xiN1,T1
xing2,xiN2,xIN35,xing5,xiN5,xiN5,T2
xing3,xiN3,xIN214,xing3,xiN3,xiN3,T3
xing4,xiN4,xIN51,xing2,xiN2,xiN2,T4
xiong1,xyN1,xiON55,xiong1,xyN1,xyoN1,T1
xiong2,xyN2,xiON35,xiong5,xyN5,xyoN5,T2
xiong4,xyN4,xiON51,xiong2,xyN2,xyoN2,T4
xiong1,xyN1,xiON55,xiong1,xyN1,xioN1,T1
xiong2,xyN2,xiON35,xiong5,xyN5,xioN5,T2
xiong4,xyN4,xiON51,xiong2,xyN2,xioN2,T4
xiu1,xiu1,xiou55,xiu1,xiu1,xiou1,T1
xiu3,xiu3,xiou214,xiu3,xiu3,xiou3,T3
xiu4,xiu4,xiou51,xiu2,xiu2,xiou2,T4
xü1,xy1,xy55,xü1,xy1,xy1,T1
xü2,xy2,xy35,xü5,xy5,xy5,T2
xü3,xy3,xy214,xü3,xy3,xy3,T3
xü4,xy4,xy51,xü2,xy2,xy2,T4
xüan1,xyan1,xyEn55,xüan1,xyan1,xy[n1,T1
xüan2,xyan2,xyEn35,xüan5,xyan5,xy[n5,T2
xüan3,xyan3,xyEn214,xüan3,xyan3,xy[n3,T3
xüan4,xyan4,xyEn51,xüan2,xyan2,xy[n2,T4
xüe1,xye1,xyE55,xüe1,xye1,xye1,T1
xüe2,xye2,xyE35,xüe5,xye5,xye5,T2
xüe3,xye3,xyE214,xüe3,xye3,xye3,T3
xüe4,xye4,xyE51,xüe2,xye2,xye2,T4
xün1,xyn1,xyn55,xün1,xyn1,xyn1,T1
xün2,xyn2,xyn35,xün5,xyn5,xyn5,T2
xün4,xyn4,xyn51,xün2,xyn2,xyn2,T4
ya1,ia1,ia55,ya1,ia1,ia1,T1
ya2,ia2,ia35,ya5,ia5,ia5,T2
ya3,ia3,ia214,ya3,ia3,ia3,T3
ya4,ia4,ia51,ya2,ia2,ia2,T4
yai2,iai2,iai35,yai5,iai5,iai5,T2
yan1,ian1,iEn55,yan1,ian1,i[n1,T1
yan2,ian2,iEn35,yan5,ian5,i[n5,T2
yan3,ian3,iEn214,yan3,ian3,i[n3,T3
yan4,ian4,iEn51,yan2,ian2,i[n2,T4
yang1,iaN1,iaN55,yang1,iaN1,iaN1,T1
yang2,iaN2,iaN35,yang5,iaN5,iaN5,T2
yang3,iaN3,iaN214,yang3,iaN3,iaN3,T3
yang4,iaN4,iaN51,yang2,iaN2,iaN2,T4
yao1,iau1,iau55,yao1,iau1,iau1,T1
yao2,iau2,iau35,yao5,iau5,iau5,T2
yao3,iau3,iau214,yao3,iau3,iau3,T3
yao4,iau4,iau51,yao2,iau2,iau2,T4
ye1,ie1,iE55,ye1,ie1,i[1,T1
ye2,ie2,iE35,ye5,ie5,i[5,T2
ye3,ie3,iE214,ye3,ie3,i[3,T3
ye4,ie4,iE51,ye2,ie2,i[2,T4
yi1,H1,H55,yi1,H1,i1,T1
yi2,H2,H35,yi5,H5,i5,T2
yi3,H3,H214,yi3,H3,i3,T3
yi4,H4,H51,yi2,H2,i2,T4
yin1,in1,In55,yin1,in1,in1,T1
yin2,in2,In35,yin5,in5,in5,T2
yin3,in3,In214,yin3,in3,in3,T3
yin4,in4,In51,yin2,in2,in2,T4
ying1,iN1,IN55,ying1,iN1,iN1,T1
ying2,iN2,IN35,ying5,iN5,iN5,T2
ying3,iN3,IN214,ying3,iN3,iN3,T3
ying4,iN4,IN51,ying2,iN2,iN2,T4
yo1,io1,iO55,yo1,io1,io1,T1
yong1,yN1,iON55,yong1,yN1,ioN1,T1
yong2,yN2,iON35,yong5,yN5,ioN5,T2
yong3,yN3,iON214,yong3,yN3,ioN3,T3
yong4,yN4,iON51,yong2,yN2,ioN2,T4
yong1,yN1,iON55,yong1,yN1,yoN1,T1
yong2,yN2,iON35,yong5,yN5,yoN5,T2
yong3,yN3,iON214,yong3,yN3,yoN3,T3
yong4,yN4,iON51,yong2,yN2,yoN2,T4
you1,iu1,iou55,you1,iu1,iou1,T1
you2,iu2,iou35,you5,iu5,iou5,T2
you3,iu3,iou214,you3,iu3,iou3,T3
you4,iu4,iou51,you2,iu2,iou2,T4
yu1,y1,y55,yu1,y1,y1,T1
yu2,y2,y35,yu5,y5,y5,T2
yu3,y3,y214,yu3,y3,y3,T3
yu4,y4,y51,yu2,y2,y2,T4
yuan1,yan1,yEn55,yuan1,yan1,y[n1,T1
yuan2,yan2,yEn35,yuan5,yan5,y[n5,T2
yuan3,yan3,yEn214,yuan3,yan3,y[n3,T3
yuan4,yan4,yEn51,yuan2,yan2,y[n2,T4
yue1,ye1,yE55,yue1,ye1,ye1,T1
yue4,ye4,yE51,yue2,ye2,ye2,T4
yun1,yn1,yn55,yun1,yn1,yn1,T1
yun2,yn2,yn35,yun5,yn5,yn5,T2
yun3,yn3,yn214,yun3,yn3,yn3,T3
yun4,yn4,yn51,yun2,yn2,yn2,T4
za1,za1,za55,za1,za1,ca1,T1
za2,za2,za35,za5,za5,ca5,T2
zai1,zai1,zai55,zai1,zai1,cai1,T1
zai3,zai3,zai214,zai3,zai3,cai3,T3
zai4,zai4,zai51,zai2,zai2,cai2,T4
zan1,zan1,zan55,zan1,zan1,can1,T1
zan2,zan2,zan35,zan5,zan5,can5,T2
zan3,zan3,zan214,zan3,zan3,can3,T3
zan4,zan4,zan51,zan2,zan2,can2,T4
zang1,zaN1,zaN55,zang1,zaN1,caN1,T1
zang4,zaN4,zaN51,zang2,zaN2,caN2,T4
zao1,zau1,zau55,zao1,zau1,cau1,T1
zao2,zau2,zau35,zao5,zau5,cau5,T2
zao3,zau3,zau214,zao3,zau3,cau3,T3
zao4,zau4,zau51,zao2,zau2,cau2,T4
ze2,ze2,z^35,ze5,ze5,c^5,T2
ze3,ze3,z^214,ze3,ze3,c^3,T3
ze4,ze4,z^51,ze2,ze2,c^2,T4
zei2,zei2,zei35,zei5,zei5,cei5,T2
zen3,zen3,z^n214,zen3,zen3,c^n3,T3
zen4,zen4,z^n51,zen2,zen2,c^n2,T4
zeng1,zeN1,z^N55,zeng1,zeN1,c^N1,T1
zeng4,zeN4,z^N51,zeng2,zeN2,c^N2,T4
zha1,Za1,Za55,zha1,Za1,Za1,T1
zha2,Za2,Za35,zha5,Za5,Za5,T2
zha3,Za3,Za214,zha3,Za3,Za3,T3
zha4,Za4,Za51,zha2,Za2,Za2,T4
zhai1,Zai1,Zai55,zhai1,Zai1,Zai1,T1
zhai2,Zai2,Zai35,zhai5,Zai5,Zai5,T2
zhai3,Zai3,Zai214,zhai3,Zai3,Zai3,T3
zhai4,Zai4,Zai51,zhai2,Zai2,Zai2,T4
zhan1,Zan1,Zan55,zhan1,Zan1,Zan1,T1
zhan3,Zan3,Zan214,zhan3,Zan3,Zan3,T3
zhan4,Zan4,Zan51,zhan2,Zan2,Zan2,T4
zhang1,ZaN1,ZaN55,zhang1,ZaN1,ZaN1,T1
zhang3,ZaN3,ZaN214,zhang3,ZaN3,ZaN3,T3
zhang4,ZaN4,ZaN51,zhang2,ZaN2,ZaN2,T4
zhao1,Zau1,Zau55,zhao1,Zau1,Zau1,T1
zhao2,Zau2,Zau35,zhao5,Zau5,Zau5,T2
zhao3,Zau3,Zau214,zhao3,Zau3,Zau3,T3
zhao4,Zau4,Zau51,zhao2,Zau2,Zau2,T4
zhe1,Ze1,Z^55,zhe1,Ze1,Z^1,T1
zhe2,Ze2,Z^35,zhe5,Ze5,Z^5,T2
zhe3,Ze3,Z^214,zhe3,Ze3,Z^3,T3
zhe4,Ze4,Z^51,zhe2,Ze2,Z^2,T4
zhen1,Zen1,Z^n55,zhen1,Zen1,Z^n1,T1
zhen3,Zen3,Z^n214,zhen3,Zen3,Z^n3,T3
zhen4,Zen4,Z^n51,zhen2,Zen2,Z^n2,T4
zheng1,ZeN1,Z^N55,zheng1,ZeN1,Z^N1,T1
zheng3,ZeN3,Z^N214,zheng3,ZeN3,Z^N3,T3
zheng4,ZeN4,Z^N51,zheng2,ZeN2,Z^N2,T4
zhi1,ZH1,ZH55,zhi1,ZH1,Zi1,T1
zhi2,ZH2,ZH35,zhi5,ZH5,Zi5,T2
zhi3,ZH3,ZH214,zhi3,ZH3,Zi3,T3
zhi4,ZH4,ZH51,zhi2,ZH2,Zi2,T4
zhong1,ZoN1,ZON55,zhong1,ZoN1,ZoN1,T1
zhong3,ZoN3,ZON214,zhong3,ZoN3,ZoN3,T3
zhong4,ZoN4,ZON51,zhong2,ZoN2,ZoN2,T4
zhou1,Zou1,Zou55,zhou1,Zou1,Zou1,T1
zhou2,Zou2,Zou35,zhou5,Zou5,Zou5,T2
zhou3,Zou3,Zou214,zhou3,Zou3,Zou3,T3
zhou4,Zou4,Zou51,zhou2,Zou2,Zou2,T4
zhu1,Zu1,Zu55,zhu1,Zu1,Zu1,T1
zhu2,Zu2,Zu35,zhu5,Zu5,Zu5,T2
zhu3,Zu3,Zu214,zhu3,Zu3,Zu3,T3
zhu4,Zu4,Zu51,zhu2,Zu2,Zu2,T4
zhua1,Zua1,Zua55,zhua1,Zua1,Zua1,T1
zhuai3,Zuai3,Zuai214,zhuai3,Zuai3,Zuai3,T3
zhuan1,Zuan1,Zuan55,zhuan1,Zuan1,Zuan1,T1
zhuan3,Zuan3,Zuan214,zhuan3,Zuan3,Zuan3,T3
zhuan4,Zuan4,Zuan51,zhuan2,Zuan2,Zuan2,T4
zhuang1,ZuaN1,ZuaN55,zhuang1,ZuaN1,ZuaN1,T1
zhuang3,ZuaN3,ZuaN214,zhuang3,ZuaN3,ZuaN3,T3
zhuang4,ZuaN4,ZuaN51,zhuang2,ZuaN2,ZuaN2,T4
zhui1,Zui1,Zuei55,zhui1,Zui1,Zuei1,T1
zhui4,Zui4,Zuei51,zhui2,Zui2,Zuei2,T4
zhun1,Zun1,ZUn55,zhun1,Zun1,Zun1,T1
zhun3,Zun3,ZUn214,zhun3,Zun3,Zun3,T3
zhuo1,Zuo1,ZuO55,zhuo1,Zuo1,Zuo1,T1
zhuo2,Zuo2,ZuO35,zhuo5,Zuo5,Zuo5,T2
zi0,zH0,zH3,zi0,zH0,ci0,T0
zi1,zH1,zH55,zi1,zH1,ci1,T1
zi3,zH3,zH214,zi3,zH3,ci3,T3
zi4,zH4,zH51,zi2,zH2,ci2,T4
zong1,zoN1,zON55,zong1,zoN1,coN1,T1
zong3,zoN3,zON214,zong3,zoN3,coN3,T3
zong4,zoN4,zON51,zong2,zoN2,coN2,T4
zou1,zou1,zou55,zou1,zou1,cou1,T1
zou3,zou3,zou214,zou3,zou3,cou3,T3
zou4,zou4,zou51,zou2,zou2,cou2,T4
zu1,zu1,zu55,zu1,zu1,cu1,T1
zu2,zu2,zu35,zu5,zu5,cu5,T2
zu3,zu3,zu214,zu3,zu3,cu3,T3
zuan1,zuan1,zuan55,zuan1,zuan1,cuan1,T1
zuan3,zuan3,zuan214,zuan3,zuan3,cuan3,T3
zuan4,zuan4,zuan51,zuan2,zuan2,cuan2,T4
zui1,zui1,zuei55,zui1,zui1,cuei1,T1
zui3,zui3,zuei214,zui3,zui3,cuei3,T3
zui4,zui4,zuei51,zui2,zui2,cuei2,T4
zun1,zun1,zUn55,zun1,zun1,cun1,T1
zun3,zun3,zUn214,zun3,zun3,cun3,T3
zun4,zun4,zUn51,zun2,zun2,cun2,T4
zuo2,zuo2,zuO35,zuo5,zuo5,cuo5,T2
zuo3,zuo3,zuO214,zuo3,zuo3,cuo3,T3
zuo4,zuo4,zuO51,zuo2,zuo2,cuo2,T4
a2,a2,a35,a5,a5,a5,T2
an2,an2,an35,an5,an5,an5,T2
ca4,ca4,ca51,ca2,ca2,Ca2,T4
cang3,caN3,caN214,cang3,caN3,CaN3,T3
chai3,Cai3,Cai214,chai3,Cai3,zai3,T3
chua4,Cua4,Cua51,chua2,Cua2,zua2,T4
chuai1,Cuai1,Cuai55,chuai1,Cuai1,zuai1,T1
cong4,coN4,cON51,cong2,coN2,CoN2,T4
cou3,cou3,cou214,cou3,cou3,Cou3,T3
cu3,cu3,cu214,cu3,cu3,Cu3,T3
da0,da0,da3,da0,da0,ta0,T0
dao2,dau2,dau35,dao5,dau5,tau5,T2
de1,de1,d^55,de1,de1,t^1,T1
dei3,dei3,dei214,dei3,dei3,tei3,T3
den4,den4,d^n51,den2,den2,t^n2,T4
dian2,dian2,diEn35,dian5,dian5,ti[n5,T2
dui3,dui3,duei214,dui3,dui3,tuei3,T3
dun2,dun2,dUn35,dun5,dun5,tun5,T2
ei4,ei4,ei51,ei2,ei2,ei2,T4
fou4,fou4,fou51,fou2,fou2,fou2,T4
ga3,ga3,ga214,ga3,ga3,ka3,T3
hang3,haN3,haN214,hang3,haN3,haN3,T3
he3,he3,h^214,he3,he3,h^3,T3
ruo2,ruo2,ruO35,ruo5,ruo5,ruo5,T2
zang3,zaN3,zaN214,zang3,zaN3,caN3,T3
zu4,zu4,zu51,zu2,zu2,cu2,T4
zhuo3,Zuo3,ZuO214,zhuo3,Zuo3,Zuo3,T3
zhun4,Zun4,ZUn51,zhun2,Zun2,Zun2,T4
zhui3,Zui3,Zuei214,zhui3,Zui3,Zuei3,T3
zhuai4,Zuai4,Zuai51,zhuai2,Zuai2,Zuai2,T4
zhua3,Zua3,Zua214,zhua3,Zua3,Zua3,T3
tuan3,tuan3,tuan214,tuan3,tuan3,Tuan3,T3
suan3,suan3,suan214,suan3,suan3,suan3,T3
xia3,xia3,xia214,xia3,xia3,xia3,T3
shua4,Sua4,Sua51,shua2,Sua2,Sua2,T4
run2,run2,rUn35,run5,run5,run5,T2
nun2,nun2,nUn35,nun5,nun5,nun5,T2
nou2,nou2,nou35,nou5,nou5,nou5,T2
ning3,niN3,nIN214,ning3,niN3,niN3,T3
nian1,nian1,niEn55,nian1,nian1,ni[n1,T1
ne0,ne0,n^3,ne0,ne0,n^0,T0
ne4,ne4,n^51,ne2,ne2,n^2,T4
jüe3,jye3,jyE214,jüe3,jye3,jye3,T3
jüe4,jye4,jyE51,jüe2,jye2,jye2,T4
kang3,kaN3,kaN214,kang3,kaN3,KaN3,T3
keng3,keN3,k^N214,keng3,keN3,K^N3,T3
kuo3,kuo3,kuO214,kuo3,kuo3,Kuo3,T3
la0,la0,la3,la0,la0,la0,T0
lai3,lai3,lai214,lai3,lai3,lai3,T3
le1,le1,l^55,le1,le1,l^1,T1
leng1,leN1,l^N55,leng1,leN1,l^N1,T1
lo0,lo0,lo3,lo0,lo0,lo0,T0
lou0,lou0,lou3,lou0,lou0,lou0,T0
lun3,lun3,lUn214,lun3,lun3,lun3,T3
man1,man1,man55,man1,man1,man1,T1
mang4,maN4,maN51,mang2,maN2,maN2,T4
me0,me0,m^3,me0,me0,m^0,T0
men3,men3,m^n214,men3,men3,m^n3,T3
meng1,meN1,mON55,meng1,meN1,m^N1,T1
na1,na1,na55,na1,na1,na1,T1
na0,na0,na3,na0,na0,na0,T0
nai2,nai2,nai35,nai5,nai5,nai5,T2
a3,a3,a214,a3,a3,a3,T3
bin3,bin3,bIn214,bin3,bin3,pin3,T3
chuo2,Cuo2,CuO35,chuo5,Cuo5,zuo5,T2
cui2,cui2,cuei35,cui5,cui5,Cuei5,T2
dia3,dia3,dia214,dia3,dia3,tia3,T3
die4,die4,diE51,die2,die2,ti[2,T4
shi0,SH0,SH3,shi0,SH0,Si0,T0
zhe0 ,Ze0,Z^3,zhe0 ,Ze0,Z^0,T0
lüan2,lyan2,lyEn35,lüan5,lyan5,ly[n5,T2
lüan3,lyan3,lyEn214,lüan3,lyan3,ly[n3,T3
